{
    "favourites": [
        {
            "imag": "https://images.squarespace-cdn.com/content/v1/630492b401e7102ee99cc184/5b99411c-5e29-45de-82dd-c3a401b5772d/24_March__Website_Article_Booker_Image_750x50038.png?format=2500w",
            "title": "Heinz Tomato Ketchup £3.35",
            "size": "460g"
        },
        {
            "imag": "https://images.squarespace-cdn.com/content/v1/630492b401e7102ee99cc184/602762fd-a6d6-4785-8e4a-6fcfdc41b910/24_March__Website_Article_Booker_Image_750x50044.png?format=1000w",
            "title": "Heinz Baked Spaghetti Hoops £1.59 ",
            "size": "400g"
        },
        {
            "imag": "https://images.squarespace-cdn.com/content/v1/630492b401e7102ee99cc184/f7629580-b285-4bc2-a695-0f8fd3c147d4/24_March__Website_Article_Booker_Image_750x50016.png?format=2500w",
            "title": "Heinz Tomato Soup £1.89 ",
            "size": "400g"
        },
        {
            "imag": "https://images.squarespace-cdn.com/content/v1/630492b401e7102ee99cc184/e7085f8a-1d13-4b19-9214-85ef1b046a2f/24_March__Website_Article_Booker_Image_750x50010.png?format=2500w",
            "title": "Colemans Mint Sauce £1.69 ",
            "size": "165g"
        },
        {
            "imag": "https://images.squarespace-cdn.com/content/v1/630492b401e7102ee99cc184/4128a11d-dcec-4d07-a82a-19e494002f36/24_March__Website_Article_Booker_Image_750x50030.png?format=2500w",
            "title": "Ocean Spray Whole Cranberry Sauce  £2.19",
            "size": "250g"
        },
        {
            "imag": "https://images.squarespace-cdn.com/content/v1/630492b401e7102ee99cc184/602762fd-a6d6-4785-8e4a-6fcfdc41b910/24_March__Website_Article_Booker_Image_750x50044.png?format=1000w",
            "title": "Branston Piccalilli £2.49 ",
            "size": "360g"
        },
        {
            "imag": "https://images.squarespace-cdn.com/content/v1/630492b401e7102ee99cc184/924a4acd-929c-491b-8158-035b667fd1c7/24_May__Website_Discovery_Image_281x2115.png?format=1000w",
            "title": "Heinz Tomato Ketchup £3.35",
            "size": "460g"
        },
        {
            "imag": "https://images.squarespace-cdn.com/content/v1/630492b401e7102ee99cc184/5b99411c-5e29-45de-82dd-c3a401b5772d/24_March__Website_Article_Booker_Image_750x50038.png?format=2500w",
            "title": "Heinz Tomato Ketchup £3.35",
            "size": "460g"
        },
        {
            "imag": "https://images.squarespace-cdn.com/content/v1/630492b401e7102ee99cc184/5b99411c-5e29-45de-82dd-c3a401b5772d/24_March__Website_Article_Booker_Image_750x50038.png?format=2500w",
            "title": "Bonne Maman Strawberry Conserve £3.79 ",
            "size": "370g"
        },
        {
            "imag": "https://images.squarespace-cdn.com/content/v1/630492b401e7102ee99cc184/18ee8119-0367-444d-9f31-9dce8a638460/24_March__Website_Article_Booker_Image_750x50012.png?format=2500w",
            "title": "Kellogg's Corn Flakes £2.99 ",
            "size": "500g"
        },
        {
            "imag": "https://images.squarespace-cdn.com/content/v1/630492b401e7102ee99cc184/cd195b64-6169-4a16-ab89-45bc183dd655/24_March__Website_Article_Booker_Image_750x50028.png?format=2500w",
            "title": "Quaker Oat So Simple Pouches Golden Syrup £3.89 ",
            "size": "10 pack"
        },
        {
            "imag": "https://images.squarespace-cdn.com/content/v1/630492b401e7102ee99cc184/b347486a-ef84-4c82-80a4-151a15d77d9b/24_March__Website_Article_Booker_Image_750x50020.png?format=2500w",
            "title": "Kettle Lightly Salted Crisps £2.49 ",
            "size": "130g"
        }
    ]
}