{
    "food": [
        {
            "img": "https://images.squarespace-cdn.com/content/v1/630492b401e7102ee99cc184/ec7e3de3-bc23-4462-927d-9f36ca320cb2/24_Feb__Website_SuperKVI_Image_281x211.png?format=1000w",
            "composition": "Tate & Lyle Fairtrade Caster Sugar" 
        },
        {
            "img": "https://images.squarespace-cdn.com/content/v1/630492b401e7102ee99cc184/db4ffc2e-1b89-43f1-85ea-eeff10649c38/24_March__Website_Discovery_Image_281x21115.png?format=1000w",
            "composition": "Yorkshire Tea Tea Bags" 
        },
        {
            "img": "https://images.squarespace-cdn.com/content/v1/630492b401e7102ee99cc184/c32ef24f-cfe1-4629-a6bb-71f7dedb6f1e/24_March__Website_Discovery_Image_281x21112.png?format=1000w",
            "composition": "Oatly Oat Drink Barista Edition" 
        },
        {
            "img": "https://images.squarespace-cdn.com/content/v1/630492b401e7102ee99cc184/f3fa8f1a-8a77-4591-a480-0c21808c59b1/24_March__Website_Discovery_Image_281x21113.png?format=1000w",
            "composition": "Dove's Farm Gluten Free Plain Flour" 
        },
        {
            "img": "https://images.squarespace-cdn.com/content/v1/630492b401e7102ee99cc184/54681e84-6d8c-454f-be1f-0c58ecbaf66b/24_March__Website_Discovery_Image_281x21114.png?format=1000w",
            "composition": "Yeo Valley Organic Salted Butter" 
        },
        {
            "img": "https://images.squarespace-cdn.com/content/v1/630492b401e7102ee99cc184/666fd45c-6e54-4be1-a772-685a4feefd79/24_May__Website_Discovery_Image_281x2112.png?format=1000w",
            "composition": "Pollen + Grace Indian Spiced Bombay Potato Grain Bowl" 
        },
        {
            "img": "https://images.squarespace-cdn.com/content/v1/630492b401e7102ee99cc184/157b2c9c-a863-40bd-ae99-97df1a85c0c0/24_May__Website_Discovery_Image_281x2113.png?format=1000w",
            "composition": "Dillon Original Flaxseed Keto Bread" 
        },
        {
            "img": "https://images.squarespace-cdn.com/content/v1/630492b401e7102ee99cc184/924a4acd-929c-491b-8158-035b667fd1c7/24_May__Website_Discovery_Image_281x2115.png?format=1000w",
            "composition": "Wild Dose A Dose For Bloating 20 Caps" 
        },
        {
            "img": "https://images.squarespace-cdn.com/content/v1/630492b401e7102ee99cc184/e4ac2c2c-32ff-4bcd-89d7-0edb88be26e3/24_May__Website_Discovery_Image_281x211.png?format=1000w",
            "composition": "Mixtons Dragon Mojo" 
        },
        {
            "img": "https://images.squarespace-cdn.com/content/v1/630492b401e7102ee99cc184/986fde41-1e86-4f37-ac19-201c767834f5/24_May__Website_Discovery_Image_281x2114.png?format=1000w",
            "composition": "Vinca Organic Rose Can" 
        }
    ]
}